Thời gian,Bytes Sent (MB),Packets Sent,Dropped,ECN Mark,CE Mark
,804.8279113769531,811178,0,0,847
16:30:55,0.08401679992675781,106,0,0,0
16:31:36,18.73891830444336,19045,0,0,1857
16:33:42,18.858460426330566,20264,0,0,1857
16:36:13,18.931245803833008,20955,0,0,1857
16:37:35,19.00649070739746,21186,0,0,1857
19:47:14,0.028036117553710938,44,0,0,0
19:55:42,595.4405393600464,600834,0,8,1061
20:01:57,4389.020561218262,3322440,0,8,1171
